0,[]
1,[]
2,"['he', 'you']"
3,"['she', 'us']"
4,"['he', 'you', 'him', 'he']"
5,['we']
6,"['he', 'he']"
7,"['you', 'they', 'you']"
8,['she']
9,['she']
10,['he']
11,['he']
12,[]
13,['he']
14,[]
15,[]
16,"['he', 'him']"
17,"['he', 'you', 'it', 'him']"
18,[]
20,"['he', 'he', 'he']"
21,['he']
22,[]
23,"['she', 'they']"
24,"['you', 'you']"
25,['we']
26,[]
27,['he']
28,[]
29,[]
31,[]
33,['he']
34,['she']
37,['we']
38,"['he', 'you']"
39,[]
40,[]
41,['i']
43,"['he', 'he']"
44,"['he', 'you']"
45,"['she', 'her', 'you', 'she', 'you']"
46,"['he', 'i']"
47,['we']
48,['he']
49,[]
50,['he']
51,"['i', 'it']"
52,['she']
53,[]
54,['he']
56,[]
57,[]
58,[]
59,['we']
60,"['she', 'her']"
61,[]
62,[]
63,['he']
65,"['he', 'you']"
66,"['he', 'him']"
67,['he']
69,['he']
70,"['he', 'it']"
71,[]
75,"['he', 'him']"
76,['she']
77,['she']
79,[]
80,"['he', 'he']"
81,['he']
82,[]
84,"['he', 'you', 'you', 'he']"
85,['she']
86,[]
87,"['you', 'it']"
89,['me']
90,['he']
92,"['he', 'it']"
93,"['i', 'we']"
94,"['he', 'he']"
96,['we']
98,[]
99,['he']
100,[]
102,[]
103,['it']
104,[]
105,['he']
106,[]
107,['he']
108,[]
111,[]
112,[]
114,['he']
115,['she']
116,[]
117,[]
119,[]
120,"['he', 'we', 'you']"
121,['he']
122,[]
123,"['he', 'it']"
125,[]
126,[]
127,['we']
128,[]
129,"['she', 'you']"
131,"['me', 'we', 'only.']"
134,"['she', 'you', 'her', 'you']"
135,"['he', 'he']"
136,"['i', 'she']"
138,"['you', 'he', 'he', 'it']"
139,[]
140,"['he', 'you', 'he']"
141,['we']
142,['he']
143,"['she', 'she']"
144,[]
145,[]
147,[]
149,"['i', 'he', 'he']"
150,['she']
151,['they']
152,"['he', 'it']"
153,"['he', 'you']"
154,"['we', 'you...']"
156,[]
157,[]
158,['he']
161,['he']
162,"['he', 'you']"
163,"['he', 'him']"
164,['we']
166,['she']
167,"['he', 'them']"
168,['i']
169,"['we', 'you']"
170,['we']
172,"['i', 'it']"
173,['she']
174,"['he', 'he']"
175,['she']
176,"['he', 'you']"
177,[]
178,[]
181,['he']
183,[]
184,[]
187,"['they', 'they']"
191,[]
193,['we']
196,"['she', 'it', 'her']"
197,['she']
198,['you']
199,"['you', 'me']"
200,['i']
201,"['she', 'she']"
202,['he']
203,['you']
205,"['he', 'you', 'him']"
206,[]
207,"['he', 'you']"
208,"['she', 'you']"
209,['he']
210,"['he', 'you']"
213,"['me', 'we']"
214,['he']
215,['he']
216,['he']
217,"['he', 'me']"
219,[]
220,[]
221,['we']
223,"['he', 'you', 'you']"
224,"['i', 'it']"
225,['he']
226,['we']
227,[]
229,"['you', 'me']"
232,[]
233,"['he', 'he']"
235,['he']
236,[]
237,[]
238,[]
239,['you']
240,"['he', 'he']"
242,"['he', 'them', 'he']"
244,[]
245,['we']
246,['we']
248,['she']
249,[]
251,[]
252,[]
253,['i']
254,"['he', 'you', 'him']"
255,"['she', 'you']"
257,['they']
258,[]
259,['she']
261,['you']
262,[]
263,"['she', 'her']"
264,['he']
265,['i']
267,[]
268,['we']
270,[]
271,"['you', 'her']"
275,"['i', 'him']"
276,['they']
277,"['you', 'he', 'you']"
278,"['he', 'it']"
279,"['we', 'him']"
280,"['he', 'he']"
282,[]
284,[]
287,[]
288,"['he', 'you', 'him', 'i', 'you']"
292,[]
293,['you']
294,[]
295,['he']
296,['she']
297,['he']
299,"['he', 'him', 'him']"
300,['she']
301,[]
304,['she']
305,['she']
306,['it']
308,['he']
311,['you']
312,[]
314,['we']
315,"['you', 'it']"
316,"['he', 'it', 'we']"
317,['she']
318,[]
320,['they']
321,"['he', 'you', 'it']"
322,['she']
324,[]
325,[]
326,['she']
328,[]
329,['she']
330,[]
331,['he']
333,[]
336,['he']
337,"['she', 'she']"
338,['he']
339,[]
344,['he']
345,['him']
347,['he']
348,['she']
349,['i']
350,['he']
351,['he']
352,"['i', 'it', 'i', 'me']"
353,['he']
354,['him']
355,['he']
356,['she']
358,['he']
360,"['she', 'you']"
361,"['he', 'she', 'he', 'me']"
362,['her']
363,[]
364,['he']
365,"['he', 'she']"
367,"['you', 'he']"
368,[]
369,[]
370,[]
371,['he']
372,['him']
373,['she']
374,"['he', 'he']"
376,"['he', 'he']"
377,['they']
378,"['she', 'it']"
379,"['she', 'she']"
380,['you']
381,[]
383,"['he', 'he', 'him', 'they', 'you']"
384,['he']
385,['he']
388,[]
389,['he']
390,['we']
391,[]
392,[]
393,"['him', 'i']"
394,"['he', 'you']"
395,[]
396,"['she', 'she']"
398,[]
400,[]
401,['he']
402,[]
403,['she']
405,[]
407,"['him', 'they']"
408,[]
410,[]
412,[]
413,[]
414,"['he', 'he']"
416,['we']
417,['she']
418,"['he', 'you']"
419,['we']
421,['he']
423,['she']
424,"['he', 'it', 'himself']"
426,[]
428,['he']
429,['you']
430,['he']
432,['he']
433,['i']
436,"['we', 'they']"
437,[]
439,"['he', 'he', 'it']"
440,"['we', 'he', 'you', 'him']"
441,['he']
442,['she']
443,['they']
445,['you']
448,['she']
449,['he']
451,['he']
452,[]
454,[]
456,"['he', 'you', 'him']"
457,"['she', 'it']"
459,['he']
460,[]
461,"['they', 'they']"
463,[]
464,[]
466,"['he', 'you']"
467,[]
468,['she']
470,['he']
471,['she']
472,['he']
473,['he']
474,['they']
477,['you']
478,[]
480,['he']
481,[]
482,[]
483,['him']
484,[]
486,[]
487,[]
489,['he']
490,['i']
491,[]
492,['he']
493,"['you', 'it']"
494,['we']
495,"['she', 'she', 'you']"
496,"['it', 'her', 'she', 'i']"
497,[]
499,[]
500,[]
501,"['he', 'him']"
502,[]
503,['he']
504,['he']
505,[]
507,['they']
508,"['you', 'him']"
509,[]
510,['himself']
511,['he']
512,['she']
514,[]
515,['him']
516,['she']
517,"['he', 'he']"
518,[]
519,[]
520,"['he', 'you']"
521,['we']
523,['i']
524,[]
525,"['you', 'you', 'he', 'it']"
526,[]
527,[]
528,"['he', 'it']"
531,['we']
532,"['he', 'you']"
533,"['he', 'we', 'you']"
534,['he']
536,[]
537,[]
540,['he']
542,['we']
544,['he']
545,['he']
547,['he']
548,['they']
549,[]
550,"['he', 'him']"
553,"['me', 'him']"
554,"['he', 'he']"
556,[]
557,[]
559,[]
560,[]
563,[]
564,['he']
565,[]
567,['you']
569,['he']
571,[]
572,[]
573,['i']
575,[]
578,[]
579,[]
580,[]
582,['he']
584,[]
585,[]
587,[]
588,[]
590,['it']
591,['he']
592,['him']
593,"['it', 'i']"
607,"['he', 'it']"
608,['he']
609,['she']
610,['she']
613,[]
614,['he']
616,[]
617,[]
619,['she']
621,"['i', 'it', 'i']"
622,[]
623,[]
624,[]
625,[]
626,['she']
628,[]
630,['he']
631,['she']
632,[]
633,['he']
635,['i']
636,[]
637,[]
638,['he']
639,[]
640,[]
641,"['she', 'me', 'i']"
642,[]
643,[]
644,[]
645,"['he', 'it']"
646,[]
647,[]
648,"['me', 'her']"
649,[]
650,[]
651,['you']
652,['she']
653,[]
658,"['she', 'you']"
659,[]
660,[]
662,['she']
663,[]
665,"['he', 'it']"
666,['he']
667,['she']
668,"['he', 'you']"
670,[]
673,['he']
674,[]
675,['she']
678,['i']
679,[]
680,['she']
681,"['she', 'she']"
683,['he']
684,[]
685,[]
687,['they']
688,['he']
689,['she']
690,[]
691,"['he', 'he']"
693,[]
695,['he']
696,['i']
697,['me']
698,['he']
700,[]
703,['she']
704,['he']
705,['you']
706,[]
708,['he']
709,"['he', 'he']"
710,[]
711,['he']
712,[]
715,"['him', 'he', 'it', 'he', 'it']"
716,['she']
717,['he']
718,"['he', 'him']"
719,[]
721,[]
722,['he']
723,['she']
724,[]
725,['she']
726,[]
727,['he']
729,['he']
730,[]
732,['we']
734,['he']
735,['we']
736,['i']
737,[]
738,['he']
739,"['he', 'he']"
740,[]
743,[]
744,"['we', 'i']"
747,['he']
748,['you']
750,"['he', 'he']"
751,[]
752,[]
755,[]
756,['he']
757,[]
758,"['you', 'you']"
760,[]
761,['he']
762,[]
763,[]
765,[]
766,"['i', ""you're""]"
768,"['you', 'him']"
769,['he']
771,['he']
772,[]
774,[]
775,"['he', 'you']"
776,[]
777,['i']
779,"['he', 'him']"
780,['he']
781,"['he', 'she', 'i', 'her']"
782,[]
785,"['he', 'him']"
786,[]
787,['him']
788,['i']
789,['she']
790,[]
791,['he']
792,['he']
793,"['she', 'it']"
795,"['she', 'she', 'it']"
796,[]
797,[]
798,['you']
799,[]
801,['we']
802,"['him', 'it']"
803,[]
804,['me']
805,[]
806,[]
808,[]
809,[]
810,['she']
812,['she']
813,"['he', 'me']"
814,"['i', 'i']"
816,['him']
817,['you']
819,['we']
820,[]
821,[]
823,['we']
824,['he']
825,[]
827,['you']
828,[]
830,['he']
831,['he']
832,['they']
834,['he']
835,[]
836,[]
837,['he']
838,[]
839,['i']
840,"['you', 'him', 'he']"
842,['he']
844,[]
845,[]
846,"['he', 'he']"
848,['she']
849,['she']
850,['he']
851,[]
852,['she']
853,[]
854,[]
855,['he']
856,"['she', 'they']"
858,[]
859,"['he', 'horrifying.']"
861,[]
862,[]
863,[]
864,[]
865,['he']
866,['me']
867,"['she', 'it']"
869,['we']
870,[]
871,['she']
873,"['i', 'he']"
874,[]
875,['he']
876,[]
877,['he']
878,[]
879,['he']
880,[]
882,['him']
883,['he']
884,['she']
887,['we']
888,[]
889,['they']
891,"['she', 'them']"
892,"['he', 'it']"
894,['i']
896,['he']
897,[]
898,['they']
899,[]
900,[]
901,"['he', 'it']"
902,[]
903,"['he', 'he']"
904,['you']
906,['i']
907,['he']
909,['he']
910,"['he', 'it']"
912,['you']
913,"['she', 'herself', 'i']"
914,['him']
915,"['he', 'it']"
916,[]
917,['he']
918,"['he', 'you']"
919,[]
920,[]
921,[]
922,[]
923,[]
924,['i']
925,['he']
927,['they']
928,[]
929,[]
930,['he']
931,"['you', 'they']"
932,"['he', 'he']"
933,[]
934,['we']
935,[]
936,['he']
938,[]
940,[]
942,[]
944,[]
945,[]
947,['you']
948,[]
950,['him']
952,['she']
953,[]
955,[]
956,['it']
957,['she']
958,[]
959,"['we', 'you']"
960,"['she', 'them', 'they']"
961,[]
962,"['he', 'he']"
963,['he']
964,[]
965,[]
966,"['she', 'you', 'you']"
968,[]
969,['he']
970,['he']
971,['she']
972,['he']
973,[]
974,"['he', 'i']"
975,[]
976,[]
977,[]
978,"['he', 'i']"
979,[]
980,[]
981,[]
982,[]
983,['he']
984,"['i', 'me']"
986,"['i', 'me']"
987,"['he', 'it', 'him']"
988,['you']
989,[]
990,['me']
991,['you']
992,['he']
993,['she']
994,['she']
995,"['we', 'i']"
997,"['he', 'he']"
998,[]
1000,[]
1001,"['i', 'they', 'it', 'me']"
1002,[]
1003,[]
1004,[]
1007,[]
1008,[]
1009,"['me', 'you']"
1010,[]
1013,[]
1014,[]
1015,"['i', 'me']"
1016,"['i', 'i', 'them']"
1017,"['we', 'you']"
1018,[]
1019,['you']
1021,[]
1024,['she']
1025,"['it', 'you']"
1026,"['he', 'it']"
1027,['they']
1028,['he']
1029,['he']
1030,['you']
1031,['we']
1032,['she']
1034,[]
1035,"['she', 'her']"
1036,[]
1037,[]
1038,['she']
1039,['you']
1041,[]
1042,[]
1044,['he']
1045,"['he', 'i']"
1046,['they']
1047,['she']
1048,['he']
1049,[]
1050,['them']
1052,[]
1053,[]
1054,['she']
1055,"['he', 'it']"
1056,['you']
1057,['he']
1058,[]
1059,['she']
1060,[]
1061,"['he', 'him']"
1063,[]
1064,[]
1065,['we']
1066,"['he', 'we']"
1067,[]
1068,['she']
1069,['you']
1070,[]
1071,['we']
1072,"['you', ""you're""]"
1073,[]
1074,[]
1076,['he']
1077,"['we', 'you']"
1078,['i']
1079,[]
1081,[]
1082,[]
1083,['she']
1084,['me']
1085,['we']
1086,[]
1087,[]
1088,['he']
1089,[]
1090,"['we', 'it']"
1091,"['you', ""haven't"", 'it']"
1092,[]
1093,[]
1094,[]
1096,[]
1097,['we']
1098,"['you', 'you']"
1099,[]
1100,[]
1101,['he']
1102,['we']
1103,"['he', 'it']"
1104,['him']
1105,[]
1106,['i']
1107,[]
1109,"['you', 'him']"
1110,[]
1111,['i']
1112,[]
1113,[]
1114,[]
1115,['he']
1116,['you']
1117,"['he', 'he']"
1118,['he']
1119,[]
1120,[]
1121,['we']
1122,['he']
1123,['she']
1124,['she']
1125,[]
1126,"['he', 'he', 'you', 'you']"
1127,[]
1128,[]
1129,['you']
1130,[]
1131,['he']
1132,[]
1133,['he']
1134,['him']
1135,['he']
1136,[]
1137,['he']
1138,['i']
1139,['he']
1140,[]
1141,[]
1142,['he']
1143,[]
1144,"['i', 'we', 'we']"
1145,['he']
1147,[]
1148,[]
1149,['he']
1150,"['you', 'we']"
1151,['he']
1152,['out.']
1153,['they']
1155,"['he', 'him', 'you']"
1156,[]
1157,[]
1158,"['he', 'it']"
1159,['he']
1160,['he']
1161,[]
1162,['he']
1163,['she']
1164,['she']
1165,[]
1166,[]
1167,[]
1168,[]
1169,"['he', 'you', 'you']"
1170,['him']
1171,[]
1172,['he']
1173,['he']
1174,['he']
1175,[]
1176,['she']
1177,[]
1178,"['he', 'it']"
1179,[]
1180,['they']
1181,"['she', 'you']"
1182,['she']
1183,[]
1184,['we']
1185,[]
1186,['you']
1187,[]
1188,"['i', 'it']"
1189,[]
1190,['she']
1191,[]
1192,"['you', 'you', 'him', 'you']"
1193,['we']
1195,[]
1196,[]
1197,[]
1198,['he']
1199,[]
1202,['he']
1203,['she']
1204,[]
1205,[]
1207,"['we', 'we']"
1209,[]
1210,[]
1211,['he']
1212,[]
1213,[]
1214,['me']
1215,[]
1216,['he']
1218,"['they', 'him']"
1219,[]
1220,[]
1222,['it']
1223,['he']
1224,[]
1225,"['i', 'we', 'i', 'we']"
1226,[]
1228,[]
1229,['she']
1230,['we']
1231,['we']
1232,[]
1233,['he']
1234,['we']
1235,['they']
1236,[]
1238,['i']
1239,"['you', 'him']"
1240,['they']
1241,[]
1243,['him']
1244,['he']
1245,['i']
1246,[]
1247,['he']
1248,[]
1249,[]
1250,"['he', 'he', 'it', 'it']"
1251,['they']
1252,[]
1253,[]
1254,[]
1256,[]
1258,[]
1259,['we']
1260,[]
1261,[]
1262,[]
1263,[]
1264,[]
1265,[]
1266,[]
1267,['it']
1268,[]
1269,[]
1270,[]
1271,"['he', 'it']"
1272,[]
1273,['her']
1274,[]
1276,[]
1277,[]
1279,[]
1280,"['he', 'he']"
1281,[]
1282,['she']
1283,['he']
1284,[]
1285,[]
1287,"['he', 'it']"
1288,[]
1289,[]
1290,['we']
1291,['he']
1292,['he']
1293,[]
1294,['he']
1296,[]
1297,[]
1298,"['you', 'you']"
1300,[]
1302,"['she', 'her']"
1303,[]
1304,"['it', 'i']"
1305,[]
1306,[]
1307,['it']
1308,['she']
1309,[]
1310,"['he', 'you']"
1311,[]
1312,['she']
1314,[]
1315,[]
1316,[]
1317,['me']
1318,[]
1319,[]
1320,[]
1321,[]
1322,['you']
1323,['she']
1325,[]
1327,[]
1328,[]
1329,[]
1330,['us']
1331,[]
1332,['she']
1333,['he']
1334,[]
1335,['he']
1336,[]
1337,['he']
1338,[]
1339,['i']
1340,[]
1341,['i']
1342,[]
1343,['it']
1344,"['you', 'you']"
1346,[]
1347,[]
1348,[]
1350,['i']
1351,[]
1352,[]
1353,[]
1354,[]
1355,['it']
1356,"['i', 'we']"
1357,[]
1358,[]
1359,[]
1360,[]
1361,"['they', 'it']"
1362,['we']
1363,[]
1365,[]
1366,[]
1367,[]
1368,[]
1370,['i']
1371,[]
1372,"['i', 'you']"
1373,[]
1374,[]
1375,[]
1377,[]
1378,[]
1379,[]
1380,[]
1381,['him']
1382,[]
1383,[]
1384,[]
1385,['we']
1386,[]
1387,[]
1388,[]
1389,[]
1390,['me']
1391,['you']
1392,[]
1393,[]
1394,"['he', 'himself', 'it', 'i']"
1395,['he']
1396,[]
1397,[]
1398,[]
1399,[]
1400,[]
1401,['i']
1402,['me']
1403,[]
1404,['he']
1405,['you']
1406,[]
1407,[]
1408,[]
1410,[]
1411,['he']
1412,['she']
1413,[]
1414,"['i', 'you']"
1415,['he']
1416,['we']
1417,"['he', 'it']"
1418,[]
1419,[]
1420,['it']
1421,[]
1422,['she']
1423,['i']
1424,[]
1425,['she']
1426,['he']
1428,[]
1429,[]
1430,[]
1432,[]
1433,[]
1434,"['he', 'he']"
1435,['we']
1436,['he']
1437,['he']
1438,[]
1439,[]
1440,['i']
1441,[]
1442,['he']
1444,[]
1447,[]
1448,"['he', 'they']"
1450,[]
1451,[]
1452,"['you', 'me']"
1453,[]
1454,"['we', 'it']"
1455,['he']
1456,['he']
1457,[]
1458,[]
1459,[]
1460,['him']
1462,"['it', 'him']"
1463,['him']
1464,[]
1465,"['he', 'it']"
1467,[]
1468,[]
1469,['she']
1470,[]
1472,[]
1473,[]
1475,[]
1476,[]
1477,"['you', 'she']"
1478,[]
1480,['he']
1481,[]
1483,"['i', 'you', 'i']"
1484,"['he', 'it']"
1485,['he']
1486,['you']
1487,['he']
1488,[]
1489,[]
1490,[]
1491,[]
1492,[]
1493,['i']
1494,[]
1495,[]
1496,"['he', 'me']"
1498,[]
1499,[]
1500,[]
1501,[]
1503,['he']
1504,[]
1506,[]
1507,['they']
1508,"['they', 'you', 'them']"
1509,[]
1510,['she']
1511,"['i', 'i']"
1512,[]
1513,['we']
1514,[]
1516,[]
1517,"['she', 'i', 'she']"
1518,[]
1519,[]
1520,['he']
1521,['me']
1522,[]
1524,['she']
1525,['him']
1526,[]
1527,['we']
1529,"['he', 'it', 'he']"
1530,['he']
1531,[]
1532,[]
1533,"['we', 'you']"
1535,[]
1536,[]
1537,[]
1538,[]
1539,[]
1540,[]
1541,[]
1542,['we']
1543,[]
1544,['he']
1545,"['me', 'it']"
1546,['he']
1547,"['he', 'you', 'he']"
1548,"['he', 'he']"
1550,"['we', 'i']"
1551,['he']
1552,[]
1553,['he']
1554,"['you', 'you']"
1555,[]
1556,[]
1557,['you']
1558,[]
1559,"['he', 'it']"
1560,[]
1561,[]
1562,[]
1563,[]
1564,['we']
1565,[]
1567,[]
1568,[]
1569,[]
1571,['he']
1572,['him']
1573,['he']
1574,[]
1575,[]
1576,[]
1578,[]
1579,[]
1580,[]
1581,['they']
1582,['he']
1583,['them']
1584,['it']
1585,"['he', 'it']"
1587,[]
1588,['i']
1589,[]
1590,['she']
1591,['he']
1593,[]
1594,"['he', ""he's""]"
1595,[]
1597,[]
1599,[]
1600,"['i', 'it']"
1601,[]
1602,[]
1603,['i']
1604,['it']
1606,['he']
1607,[]
1608,['he']
1609,[]
1610,"['we', 'you']"
1611,"['me', 'i']"
1612,['he']
1613,"['i', 'i']"
1614,[]
1615,[]
1616,"['him', 'we', 'it']"
1617,['he']
1619,[]
1620,[]
1621,"['they', 'it']"
1622,[]
1623,['it']
1624,['we']
1626,[]
1627,['i']
1629,"['he', 'he']"
1630,[]
1631,[]
1632,['him']
1633,['he']
1634,['you']
1635,[]
1636,[]
1637,['he']
1638,['i']
1639,"['she', 'it', 'i']"
1641,[]
1642,['she']
1643,['she']
1644,"['i', 'it']"
1645,[]
1646,['we']
1647,[]
1648,[]
1649,[]
1651,[]
1652,[]
1653,['i']
1654,['i']
1655,[]
1656,['we']
1657,[]
1658,['he']
1659,[]
1660,['we']
1661,[]
1662,['he']
1664,[]
1665,[]
1666,[]
1667,[]
1668,['i']
1669,"['i', 'we', 'we']"
1670,[]
1671,[]
1672,"['he', 'he', 'we', 'he']"
1673,['he']
1674,['it']
1675,['he']
1677,[]
1678,['we']
1679,['he']
1680,[]
1681,[]
1682,[]
1683,[]
1684,"['you', 'he']"
1685,[]
1686,[]
1687,"['he', 'you', 'he']"
1688,[]
1690,[]
1691,[]
1692,[]
1693,['we']
1694,['him']
1695,[]
1696,[]
1697,['i']
1698,"['i', 'me']"
1699,"['i', 'i', 'we']"
1700,"['he', 'he', 'it']"
1701,[]
1702,[]
1703,[]
1704,[]
1705,[]
1707,[]
1708,['he']
1709,['he']
1710,[]
1711,[]
1712,['we']
1713,['he']
1714,['you']
1715,[]
1716,"['i', 'i']"
1717,[]
1718,[]
1719,[]
1720,"['he', 'he', 'it']"
1721,[]
1722,"['he', 'he']"
1723,['she']
1724,['i']
1725,[]
1726,"['i', 'we', 'he']"
1727,['it']
1729,[]
1730,[]
1731,[]
1732,[]
1733,[]
1734,[]
1735,['he']
1736,"['he', 'he']"
1737,['we']
1738,[]
1739,['he']
1740,['it']
1741,['she']
1742,"['he', 'he']"
1744,['he']
1745,"['i', 'you', 'we']"
1746,[]
1747,[]
1748,['he']
1749,['it']
1751,[]
1752,[]
1753,[]
1754,['she']
1755,['he']
1756,['she']
1757,"['he', 'me']"
1758,"['he', 'it']"
1759,[]
1761,[]
1762,"['he', 'he']"
1763,[]
1764,[]
1765,['he']
1766,[]
1767,[]
1768,['she']
1769,['he']
1770,[]
1771,['she']
1772,[]
1773,['she']
1775,['he']
1777,[]
1778,"['me', 'we', 'we']"
1779,[]
1780,[]
1781,"['she', 'her', 'it']"
1782,['she']
1783,[]
1784,['i']
1785,"['i', 'it', 'i', 'you']"
1786,[]
1787,[]
1788,[]
1789,['i']
1790,['i']
1792,[]
1793,[]
1794,[]
1795,[]
1796,[]
1797,[]
1798,['he']
1799,"['we', 'they']"
1800,"['he', 'it']"
1801,[]
1802,[]
1803,[]
1804,[]
1805,[]
1806,['we']
1808,[]
1809,[]
1810,[]
1811,[]
1812,['they']
1813,['you']
1814,['i']
1815,[]
1816,[]
1817,['he']
1820,['he']
1821,[]
1822,[]
1823,[]
1824,[]
1825,[]
1826,[]
1827,['they']
1828,['him']
1829,"['he', 'i']"
1830,[]
1831,['he']
1832,[]
1833,['he']
1835,[]
1836,[]
1837,[]
1838,[]
1839,[]
1840,[]
1841,[]
1842,[]
1843,['we']
1845,['it']
1846,[]
1847,[]
1848,['he']
1849,['he']
1850,[]
1851,"['he', 'he']"
1852,['ourselves']
1853,[]
1854,['i']
1855,[]
1856,[]
1857,[]
1858,"['i', 'him', 'he', 'he']"
1859,"['we', 'you']"
1860,['we']
1861,[]
1862,[]
1863,[]
1864,"['she', 'it']"
1865,[]
1866,['i']
1867,[]
1868,['he']
1869,[]
1870,[]
1871,['he']
1872,[]
1873,[]
1874,"['he', 'it']"
1875,['he']
1876,['he']
1877,['we']
1878,[]
1879,[]
1880,['she']
1881,['i']
1882,['i']
1883,['you']
1884,['he']
1885,['i']
1886,[]
1887,[]
1888,[]
1889,[]
1890,"['it', 'i']"
1891,[]
1892,[]
1893,[]
1894,['she']
1896,[]
1897,['he']
1898,"['i', 'him']"
1899,[]
1900,[]
1901,[]
1902,['you']
1903,[]
1904,[]
1906,['he']
1907,[]
1908,['she']
1909,['she']
1910,[]
1911,"['he', 'you']"
1912,[]
1913,['he']
1915,[]
1917,['he']
1918,[]
1919,[]
1920,[]
1921,[]
1922,[]
1923,[]
1924,"['he', 'him', 'him']"
1925,['he']
1926,"['he', 'he', 'he']"
1927,['she']
1928,[]
1929,['i']
1930,[]
1931,['she']
1932,"['you', 'it', 'you']"
1933,"['you', 'her', 'you']"
1934,[]
1935,"['he', 'he']"
1936,[]
1937,['he']
1938,['we']
1939,[]
1941,[]
1942,[]
1943,"['i', 'you', 'it']"
1944,[]
1945,[]
1946,"['he', 'you', 'you']"
1947,['us']
1948,[]
1949,[]
1950,"['he', 'it']"
1951,[]
1952,['i']
1953,[]
1954,[]
1955,[]
1956,[]
1957,['she']
1958,['you']
1959,[]
1960,[]
1961,"['he', 'he']"
1962,[]
1963,[]
1964,['it']
1965,[]
1966,[]
1967,[]
1968,[]
1969,[]
1970,['i']
1971,[]
1972,[]
1973,['he']
1974,[]
1975,"['she', 'me', 'me', 'her']"
1976,['he']
1977,[]
1978,['it']
1979,[]
1980,['he']
1981,[]
1982,[]
1983,[]
1984,['it']
1985,[]
1986,[]
1987,[]
1988,[]
1989,[]
1990,['he']
1991,['we']
1992,[]
1993,['it']
1994,[]
1995,[]
1996,['he']
1997,[]
1998,[]
1999,['she']
2000,['she']
2001,[]
2002,['she']
2003,[]
2004,[]
2005,['he']
2006,['you']
2007,['he']
2008,[]
2009,[]
2010,[]
2011,['i']
2012,['he']
2013,"['i', 'i']"
2014,[]
2015,[]
2016,"['he', 'it']"
2017,[]
2018,[]
2019,['i']
2020,[]
2021,['he']
2022,[]
2023,['she']
2024,['him']
2025,['he']
2026,[]
2027,['she']
2028,['he']
2029,[]
2030,['i']
2031,"['you', 'you']"
2032,['it']
2033,[]
2034,[]
2035,[]
2036,[]
2037,['it']
2039,"['she', 'it']"
2040,[]
2041,[]
2042,[]
2043,[]
2044,[]
2045,[]
2046,[]
2047,[]
2048,[]
2049,['he']
2050,['he']
2051,[]
2052,['he']
2053,['she']
2054,[]
2055,['he']
2056,['she']
2057,[]
2058,['she']
2059,"['he', 'it']"
2060,[]
2061,['you']
2062,['them']
2063,['he']
2064,[]
2065,[]
2066,['it']
2067,[]
2068,[]
2069,['himself']
2070,[]
2071,['he']
2072,['he']
2073,['i']
2074,['you']
2075,['you']
2076,[]
2077,['he']
2078,['she']
2079,[]
2080,[]
2081,[]
2082,['he']
2083,"['she', 'it']"
2084,['he']
2085,[]
2086,['i']
2087,"['he', 'he', 'they']"
2088,['he']
2089,['they']
2090,"['you', 'him', 'you']"
2091,[]
2092,['you']
2093,"['he', 'i', 'they']"
2094,[]
2095,[]
2096,[]
2097,[]
2098,[]
2099,[]
2100,[]
2101,"['he', 'we']"
2102,[]
2103,[]
2104,[]
2105,[]
2106,[]
2107,[]
2108,[]
2109,[]
2110,['he']
2111,[]
2112,[]
2113,['they']
2114,[]
2115,[]
2116,[]
2117,[]
2118,['he']
2119,[]
2120,[]
2121,"['he', 'he', 'it']"
2122,['he']
2123,[]
2124,[]
2125,[]
2126,[]
2127,[]
2128,[]
2129,[]
2130,[]
2131,['i']
2132,[]
2133,"['he', 'i', 'you']"
2134,[]
2135,"['he', 'he', 'he', 'he']"
2136,[]
2137,['them']
2138,[]
2139,['it']
2140,['he']
2141,[]
2142,['we']
2143,['he']
2144,['he']
2145,[]
2146,['he']
2147,"['he', 'he', 'me']"
2148,"['he', 'he']"
2150,[]
2151,['he']
2152,[]
2153,[]
2154,[]
2155,[]
2156,['he']
2157,[]
2158,"['she', 'you']"
2159,[]
2160,[]
2161,[]
2162,[]
2163,[]
2164,['him']
2165,[]
2166,['we']
2167,[]
2168,[]
2169,['she']
2170,[]
2171,['he']
2172,['she']
2173,[]
2174,['it']
2175,"['he', 'they']"
2176,['he']
2177,['we']
2178,[]
2179,"['he', 'i', 'him']"
2180,['he']
2181,[]
2182,['he']
2183,[]
2184,[]
2185,[]
2186,['i']
2187,[]
2188,"['he', 'them']"
2190,['he']
2191,[]
2192,['he']
2193,[]
2194,"['he', 'he']"
2195,['she']
2196,[]
2197,['he']
2198,[]
2199,['he']
2200,['he']
2201,[]
2202,[]
2203,['he']
2204,[]
2205,['he']
2206,['he']
2207,[]
2208,[]
2209,['he']
2210,[]
2211,[]
2213,['he']
2214,"['it', 'he']"
2215,[]
2216,[]
2217,"['he', 'me']"
2218,[]
2219,[]
2220,[]
2221,"['she', 'i']"
2222,[]
2223,['they']
2224,"['i', 'he']"
2225,[]
2226,[]
2227,"['we', 'he']"
2228,[]
2229,['he']
2230,"['he', 'him']"
2231,[]
2232,[]
2233,['it']
2234,['i']
2235,[]
2236,[]
2237,[]
2238,['you']
2239,[]
2240,['he']
2241,['he']
2242,[]
2243,['she']
2244,"['him', 'i']"
2245,[]
2246,['he']
2247,[]
2248,"['he', 'he']"
2249,[]
2250,[]
2251,['he']
2252,[]
2253,[]
2254,['i']
2255,['she']
2256,"['he', 'it']"
2257,['he']
2258,[]
2261,[]
2262,[]
2263,[]
2264,[]
2265,[]
2266,['he']
2267,[]
2268,['he']
2269,['i']
2270,[]
2271,[]
2272,[]
2273,['he']
2274,[]
2275,['i']
2276,[]
2277,['you']
2278,[]
2279,[]
2280,['he']
2281,['we']
2282,['she']
2283,"['he', 'he']"
2284,[]
2285,[]
2286,['he']
2287,[]
2288,[]
2289,['he']
2290,['he']
2291,[]
2292,['he']
2293,"['he', 'i']"
2294,[]
2295,['he']
2296,['he']
2297,['he']
2299,['we']
2300,['he']
2301,[]
2302,['he']
2303,['he']
2304,[]
2305,[]
2306,[]
2307,[]
2308,['he']
2309,['he']
2310,[]
2311,[]
2312,['he']
2313,['he']
2314,[]
2315,['he']
2316,[]
2317,['he']
2318,['he']
2319,['she']
2320,['we']
2321,['you']
2322,[]
2323,['we']
2324,[]
2325,['he']
2326,[]
2327,[]
2328,[]
2329,[]
2330,[]
2331,['we']
2332,[]
2333,[]
2334,[]
2335,[]
2336,[]
2337,[]
2338,[]
2339,['you']
2340,[]
2341,[]
2342,['we']
2343,['i']
2344,['we']
2345,['you']
2346,[]
2347,[]
2348,['i']
2349,[]
2350,[]
2351,['we']
2352,['he']
2353,[]
2354,[]
2355,['we']
